prescription_id,doctor_id,patient_id,pharmacy_id,medication_name,status
1,1,1,1,Amoxicillin,Fulfilled
2,2,2,2,,Pending
3,3,3,3,Metformin 850mg,Fulfilled
4,4,4,4,Atorvastatin,
5,5,5,5,Levothyroxine 50mcg,Fulfilled
6,6,6,1,Ibuprofen 400mg,
7,7,7,2,Omeprazole 20mg,Pending
8,8,8,3,Losartan 50mg,
9,9,9,4,Gabapentin 300mg,Fulfilled
10,10,10,5,Prednisone 5mg,
11,1,11,1,Ciprofloxacin 500mg,Fulfilled
12,2,12,2,Amlodipine 5mg,
13,3,13,3,Simvastatin 20mg,Fulfilled
14,4,14,4,Albuterol Inhaler,
15,5,15,5,Metoprolol 25mg,Fulfilled
16,6,16,1,Trazodone 50mg,
17,7,17,2,Clonazepam 0.5mg,Fulfilled
18,8,18,3,Furosemide 40mg,
19,9,19,4,Levothyroxine 75mcg,Cancelled
20,10,20,5,Metformin 1000mg,
21,1,21,1,Lisinopril 20mg,Fulfilled
22,2,22,2,Amoxicillin 250mg,
23,3,23,3,Atorvastatin 40mg,Fulfilled
24,4,24,4,Losartan 100mg,
25,5,25,5,Ondansetron 4mg,Fulfilled
26,6,26,1,Gabapentin 100mg,
27,7,27,2,Prednisone 10mg,Fulfilled
28,8,28,3,Cephalexin 500mg,
29,9,29,4,Metoprolol 50mg,Cancelled
30,10,30,5,Ibuprofen 600mg,
31,1,31,1,Ondansetron 8mg,Fulfilled
32,2,32,2,Simvastatin 40mg,
33,3,33,3,Ciprofloxacin 250mg,Fulfilled
34,4,34,4,Trazodone 100mg,
35,5,35,5,Amlodipine 10mg,Fulfilled
36,6,36,1,Clonazepam 1mg,
37,7,37,2,Albuterol Inhaler,Fulfilled
38,8,38,3,Furosemide 20mg,
39,9,39,4,Levothyroxine 100mcg,Cancelled
40,10,40,5,Metformin 500mg,
41,1,41,1,Lisinopril 5mg,Fulfilled
42,2,42,2,Amoxicillin 875mg,
43,3,43,3,Atorvastatin 10mg,Fulfilled
44,4,44,4,Losartan 25mg,
45,5,45,5,Gabapentin 400mg,Fulfilled
46,6,46,1,Prednisone 20mg,
47,7,47,2,Metoprolol 100mg,Fulfilled
48,8,48,3,Cephalexin 250mg,
49,9,49,4,Ibuprofen 200mg,Cancelled
50,10,50,5,Ondansetron 4mg,
51,1,2,1,Simvastatin 20mg,Fulfilled
52,2,3,2,Lisinopril 10mg,
53,3,4,3,Metformin 850mg,Pending
54,4,5,4,Amoxicillin 500mg,
55,5,6,5,Atorvastatin 20mg,Fulfilled
56,6,7,1,Gabapentin 300mg,
57,7,8,2,Losartan 50mg,Fulfilled
58,8,9,3,Prednisone 5mg,
59,9,10,4,Ciprofloxacin 500mg,Cancelled
60,10,11,5,Metoprolol 25mg,
61,1,12,1,Levothyroxine 50mcg,Fulfilled
62,2,13,2,Ibuprofen 400mg,
63,3,14,3,Ondansetron 8mg,Pending
64,4,15,4,Albuterol Inhaler,
65,5,16,5,Trazodone 100mg,Fulfilled
66,6,17,1,Clonazepam 0.5mg,
67,7,18,2,Furosemide 40mg,Pending
68,8,19,3,Metformin 1000mg,
69,9,20,4,Lisinopril 20mg,Fulfilled
70,10,21,5,Amoxicillin 250mg,
71,1,22,1,Atorvastatin 40mg,Fulfilled
72,2,23,2,Losartan 100mg,
73,3,24,3,Gabapentin 100mg,Fulfilled
74,4,25,4,Prednisone 10mg,
75,5,26,5,Metoprolol 50mg,Fulfilled
76,6,27,1,Cephalexin 500mg,
77,7,28,2,Ondansetron 4mg,Fulfilled
78,8,29,3,Simvastatin 40mg,
79,9,30,4,Ciprofloxacin 250mg,Fulfilled
80,10,31,5,Trazodone 50mg,
